1723-01-01,1.100
1723-02-01,4.400
1723-03-01,7.500
1723-04-01,8.900
1723-05-01,11.700
1723-06-01,15.000
1723-07-01,15.300
1723-08-01,15.600
1723-09-01,13.300
1723-10-01,11.100
1723-11-01,7.500
1723-12-01,5.800
1724-01-01,5.600
1724-02-01,4.200
1724-03-01,4.700
1724-04-01,7.200
1724-05-01,11.400
1724-06-01,15.300
1724-07-01,15.000
1724-08-01,16.200
1724-09-01,14.400
1724-10-01,8.600
1724-11-01,5.300
1724-12-01,3.300
1725-01-01,4.400
1725-02-01,3.300
1725-03-01,5.000
1725-04-01,8.100
1725-05-01,10.800
1725-06-01,12.200
1725-07-01,13.800
1725-08-01,13.300
1725-09-01,12.800
1725-10-01,9.400
1725-11-01,6.900
1725-12-01,3.900
1726-01-01,1.100
1726-02-01,4.200
1726-03-01,4.200
1726-04-01,8.400
1726-05-01,13.400
1726-06-01,16.400
1726-07-01,16.000
1726-08-01,15.600
1726-09-01,14.700
1726-10-01,10.200
1726-11-01,6.100
1726-12-01,1.800
1727-01-01,4.200
1727-02-01,5.000
1727-03-01,5.100
1727-04-01,9.200
1727-05-01,13.600
1727-06-01,14.900
1727-07-01,16.900
1727-08-01,16.900
1727-09-01,14.400
1727-10-01,10.800
1727-11-01,4.700
1727-12-01,3.600
1728-01-01,3.900
1728-02-01,2.400
1728-03-01,7.100
1728-04-01,8.300
1728-05-01,12.500
1728-06-01,16.400
1728-07-01,16.900
1728-08-01,16.000
1728-09-01,12.800
1728-10-01,9.100
1728-11-01,7.200
1728-12-01,1.600
1729-01-01,1.200
1729-02-01,2.300
1729-03-01,2.800
1729-04-01,7.100
1729-05-01,10.300
1729-06-01,15.100
1729-07-01,16.800
1729-08-01,15.700
1729-09-01,16.600
1729-10-01,10.100
1729-11-01,8.100
1729-12-01,5.000
1730-01-01,4.100
1730-02-01,4.700
1730-03-01,6.200
1730-04-01,8.700
1730-05-01,12.400
1730-06-01,14.000
1730-07-01,15.300
1730-08-01,16.300
1730-09-01,15.300
1730-10-01,10.900
1730-11-01,9.200
1730-12-01,3.400
1731-01-01,1.900
1731-02-01,2.200
1731-03-01,6.000
1731-04-01,6.800
1731-05-01,12.100
1731-06-01,15.600
1731-07-01,16.300
1731-08-01,16.700
1731-09-01,15.300
1731-10-01,12.300
1731-11-01,7.800
1731-12-01,5.200
1732-01-01,2.400
1732-02-01,6.400
1732-03-01,6.100
1732-04-01,8.900
1732-05-01,11.400
1732-06-01,14.600
1732-07-01,16.000
1732-08-01,16.600
1732-09-01,14.500
1732-10-01,10.900
1732-11-01,6.300
1732-12-01,2.200
1733-01-01,6.900
1733-02-01,6.000
1733-03-01,5.900
1733-04-01,10.000
1733-05-01,11.200
1733-06-01,15.200
1733-07-01,18.300
1733-08-01,16.100
1733-09-01,12.800
1733-10-01,9.100
1733-11-01,6.500
1733-12-01,7.600
1734-01-01,4.300
1734-02-01,6.400
1734-03-01,8.100
1734-04-01,9.300
1734-05-01,11.100
1734-06-01,14.100
1734-07-01,16.200
1734-08-01,16.200
1734-09-01,13.300
1734-10-01,8.400
1734-11-01,6.200
1734-12-01,4.000
1735-01-01,4.400
1735-02-01,4.000
1735-03-01,5.800
1735-04-01,8.900
1735-05-01,10.900
1735-06-01,13.300
1735-07-01,14.800
1735-08-01,16.200
1735-09-01,14.200
1735-10-01,10.300
1735-11-01,6.300
1735-12-01,5.400
1736-01-01,6.400
1736-02-01,3.100
1736-03-01,6.900
1736-04-01,8.600
1736-05-01,10.600
1736-06-01,15.700
1736-07-01,16.400
1736-08-01,17.800
1736-09-01,14.400
1736-10-01,10.400
1736-11-01,6.900
1736-12-01,6.400
1737-01-01,6.200
1737-02-01,4.200
1737-03-01,6.100
1737-04-01,8.800
1737-05-01,12.500
1737-06-01,15.900
1737-07-01,17.400
1737-08-01,13.800
1737-09-01,14.200
1737-10-01,8.900
1737-11-01,6.100
1737-12-01,4.900
1738-01-01,4.600
1738-02-01,4.600
1738-03-01,5.500
1738-04-01,9.900
1738-05-01,11.400
1738-06-01,14.200
1738-07-01,16.400
1738-08-01,16.000
1738-09-01,12.500
1738-10-01,10.200
1738-11-01,6.300
1738-12-01,6.100
1739-01-01,4.000
1739-02-01,6.800
1739-03-01,5.800
1739-04-01,6.700
1739-05-01,11.600
1739-06-01,15.200
1739-07-01,16.000
1739-08-01,14.700
1739-09-01,13.100
1739-10-01,9.600
1739-11-01,3.700
1739-12-01,3.200
1740-01-01,-2.800
1740-02-01,-1.600
1740-03-01,3.900
1740-04-01,6.400
1740-05-01,8.600
1740-06-01,12.800
1740-07-01,15.300
1740-08-01,14.700
1740-09-01,14.000
1740-10-01,5.300
1740-11-01,3.300
1740-12-01,2.200
1741-01-01,1.700
1741-02-01,4.400
1741-03-01,4.200
1741-04-01,7.100
1741-05-01,9.300
1741-06-01,15.200
1741-07-01,15.600
1741-08-01,16.700
1741-09-01,14.700
1741-10-01,11.000
1741-11-01,7.800
1741-12-01,3.900
1742-01-01,1.900
1742-02-01,3.600
1742-03-01,4.100
1742-04-01,6.600
1742-05-01,10.600
1742-06-01,15.000
1742-07-01,15.800
1742-08-01,15.800
1742-09-01,12.200
1742-10-01,9.200
1742-11-01,4.400
1742-12-01,1.100
1743-01-01,3.600
1743-02-01,5.400
1743-03-01,5.300
1743-04-01,5.400
1743-05-01,13.300
1743-06-01,15.600
1743-07-01,14.900
1743-08-01,16.900
1743-09-01,14.200
1743-10-01,8.900
1743-11-01,9.300
1743-12-01,4.900
1744-01-01,1.400
1744-02-01,2.900
1744-03-01,4.800
1744-04-01,6.700
1744-05-01,10.800
1744-06-01,14.400
1744-07-01,16.400
1744-08-01,15.400
1744-09-01,12.800
1744-10-01,9.400
1744-11-01,6.900
1744-12-01,3.500
1745-01-01,3.800
1745-02-01,2.300
1745-03-01,4.400
1745-04-01,7.500
1745-05-01,11.400
1745-06-01,12.200
1745-07-01,16.100
1745-08-01,15.000
1745-09-01,14.200
1745-10-01,10.300
1745-11-01,5.800
1745-12-01,2.700
1746-01-01,2.500
1746-02-01,1.400
1746-03-01,3.100
1746-04-01,6.900
1746-05-01,12.800
1746-06-01,14.300
1746-07-01,15.800
1746-08-01,15.900
1746-09-01,14.200
1746-10-01,7.800
1746-11-01,3.300
1746-12-01,5.300
1747-01-01,3.300
1747-02-01,5.800
1747-03-01,2.500
1747-04-01,8.100
1747-05-01,12.200
1747-06-01,14.700
1747-07-01,16.900
1747-08-01,18.300
1747-09-01,14.400
1747-10-01,9.400
1747-11-01,6.900
1747-12-01,5.300
1748-01-01,2.500
1748-02-01,1.800
1748-03-01,1.800
1748-04-01,6.300
1748-05-01,10.400
1748-06-01,14.800
1748-07-01,15.400
1748-08-01,15.800
1748-09-01,14.200
1748-10-01,9.200
1748-11-01,7.100
1748-12-01,6.000
1749-01-01,5.300
1749-02-01,3.600
1749-03-01,5.300
1749-04-01,6.800
1749-05-01,12.300
1749-06-01,11.900
1749-07-01,17.200
1749-08-01,15.600
1749-09-01,13.800
1749-10-01,10.100
1749-11-01,6.700
1749-12-01,4.700
1750-01-01,4.000
1750-02-01,6.700
1750-03-01,8.200
1750-04-01,7.700
1750-05-01,10.700
1750-06-01,14.200
1750-07-01,17.200
1750-08-01,15.000
1750-09-01,15.200
1750-10-01,9.200
1750-11-01,4.000
1750-12-01,4.200
1751-01-01,4.000
1751-02-01,1.500
1751-03-01,6.200
1751-04-01,7.100
1751-05-01,9.300
1751-06-01,14.900
1751-07-01,15.300
1751-08-01,14.600
1751-09-01,12.600
1751-10-01,8.300
1751-11-01,4.300
1751-12-01,3.000
1752-01-01,3.200
1752-02-01,3.100
1752-03-01,5.600
1752-04-01,6.800
1752-05-01,10.300
1752-06-01,14.800
1752-07-01,15.600
1752-08-01,15.700
1752-09-01,13.900
1752-10-01,10.600
1752-11-01,6.500
1752-12-01,4.200
1753-01-01,2.200
1753-02-01,3.600
1753-03-01,6.000
1753-04-01,7.500
1753-05-01,12.100
1753-06-01,14.600
1753-07-01,15.200
1753-08-01,15.700
1753-09-01,13.100
1753-10-01,10.000
1753-11-01,4.600
1753-12-01,4.400
1754-01-01,3.300
1754-02-01,2.800
1754-03-01,3.400
1754-04-01,6.700
1754-05-01,12.200
1754-06-01,13.600
1754-07-01,14.700
1754-08-01,15.700
1754-09-01,13.900
1754-10-01,10.400
1754-11-01,5.700
1754-12-01,3.600
1755-01-01,2.200
1755-02-01,1.200
1755-03-01,3.900
1755-04-01,10.000
1755-05-01,9.400
1755-06-01,15.700
1755-07-01,15.000
1755-08-01,14.600
1755-09-01,13.500
1755-10-01,8.400
1755-11-01,4.700
1755-12-01,3.900
1756-01-01,4.400
1756-02-01,4.600
1756-03-01,6.000
1756-04-01,6.700
1756-05-01,9.100
1756-06-01,13.800
1756-07-01,16.100
1756-08-01,14.700
1756-09-01,13.600
1756-10-01,9.400
1756-11-01,3.900
1756-12-01,2.900
1757-01-01,0.300
1757-02-01,4.000
1757-03-01,4.900
1757-04-01,8.100
1757-05-01,10.700
1757-06-01,14.000
1757-07-01,18.400
1757-08-01,15.200
1757-09-01,13.300
1757-10-01,8.200
1757-11-01,7.100
1757-12-01,3.200
1758-01-01,2.600
1758-02-01,3.800
1758-03-01,5.200
1758-04-01,7.200
1758-05-01,13.800
1758-06-01,14.600
1758-07-01,14.200
1758-08-01,16.400
1758-09-01,11.900
1758-10-01,8.100
1758-11-01,5.700
1758-12-01,3.900
1759-01-01,5.900
1759-02-01,5.800
1759-03-01,6.100
1759-04-01,8.600
1759-05-01,12.100
1759-06-01,15.000
1759-07-01,18.200
1759-08-01,16.300
1759-09-01,13.500
1759-10-01,10.900
1759-11-01,5.100
1759-12-01,2.500
1760-01-01,1.900
1760-02-01,3.800
1760-03-01,6.600
1760-04-01,9.400
1760-05-01,11.700
1760-06-01,15.200
1760-07-01,16.900
1760-08-01,15.800
1760-09-01,15.700
1760-10-01,9.200
1760-11-01,5.700
1760-12-01,6.100
1761-01-01,5.400
1761-02-01,5.800
1761-03-01,6.800
1761-04-01,9.400
1761-05-01,11.900
1761-06-01,14.300
1761-07-01,15.800
1761-08-01,16.400
1761-09-01,14.200
1761-10-01,9.400
1761-11-01,6.200
1761-12-01,4.400
1762-01-01,4.700
1762-02-01,4.000
1762-03-01,3.700
1762-04-01,10.000
1762-05-01,12.900
1762-06-01,16.900
1762-07-01,17.800
1762-08-01,15.300
1762-09-01,13.600
1762-10-01,7.900
1762-11-01,4.600
1762-12-01,3.600
1763-01-01,-0.800
1763-02-01,4.900
1763-03-01,5.400
1763-04-01,8.900
1763-05-01,10.200
1763-06-01,14.600
1763-07-01,15.300
1763-08-01,15.300
1763-09-01,13.100
1763-10-01,8.300
1763-11-01,5.800
1763-12-01,6.200
1764-01-01,3.700
1764-02-01,3.800
1764-03-01,3.900
1764-04-01,7.200
1764-05-01,12.200
1764-06-01,13.900
1764-07-01,16.100
1764-08-01,15.200
1764-09-01,12.500
1764-10-01,8.900
1764-11-01,4.400
1764-12-01,2.800
1765-01-01,4.800
1765-02-01,0.400
1765-03-01,5.000
1765-04-01,7.500
1765-05-01,11.400
1765-06-01,13.800
1765-07-01,15.700
1765-08-01,15.300
1765-09-01,13.300
1765-10-01,9.200
1765-11-01,3.900
1765-12-01,1.700
1766-01-01,0.700
1766-02-01,1.700
1766-03-01,4.200
1766-04-01,8.100
1766-05-01,9.700
1766-06-01,13.700
1766-07-01,15.700
1766-08-01,16.600
1766-09-01,13.300
1766-10-01,9.300
1766-11-01,7.200
1766-12-01,3.300
1767-01-01,0.100
1767-02-01,5.400
1767-03-01,4.700
1767-04-01,7.300
1767-05-01,10.000
1767-06-01,12.800
1767-07-01,14.400
1767-08-01,16.100
1767-09-01,14.100
1767-10-01,9.200
1767-11-01,6.900
1767-12-01,3.300
1768-01-01,0.800
1768-02-01,4.800
1768-03-01,4.700
1768-04-01,8.100
1768-05-01,12.200
1768-06-01,13.900
1768-07-01,15.600
1768-08-01,16.000
1768-09-01,11.700
1768-10-01,9.200
1768-11-01,5.600
1768-12-01,4.600
1769-01-01,2.500
1769-02-01,2.700
1769-03-01,5.000
1769-04-01,7.800
1769-05-01,11.300
1769-06-01,13.100
1769-07-01,16.400
1769-08-01,15.000
1769-09-01,12.800
1769-10-01,8.200
1769-11-01,5.700
1769-12-01,4.800
1770-01-01,3.700
1770-02-01,4.600
1770-03-01,2.500
1770-04-01,5.400
1770-05-01,10.000
1770-06-01,13.100
1770-07-01,15.300
1770-08-01,15.800
1770-09-01,13.900
1770-10-01,8.900
1770-11-01,5.300
1770-12-01,3.600
1771-01-01,1.000
1771-02-01,3.200
1771-03-01,3.100
1771-04-01,5.500
1771-05-01,12.200
1771-06-01,14.300
1771-07-01,15.700
1771-08-01,14.300
1771-09-01,12.200
1771-10-01,9.200
1771-11-01,6.300
1771-12-01,5.600
1772-01-01,1.200
1772-02-01,1.900
1772-03-01,4.400
1772-04-01,6.400
1772-05-01,10.100
1772-06-01,16.100
1772-07-01,16.900
1772-08-01,16.100
1772-09-01,13.000
1772-10-01,11.700
1772-11-01,7.200
1772-12-01,4.800
1773-01-01,4.000
1773-02-01,2.600
1773-03-01,6.500
1773-04-01,8.300
1773-05-01,10.300
1773-06-01,14.700
1773-07-01,15.900
1773-08-01,17.200
1773-09-01,12.400
1773-10-01,9.900
1773-11-01,5.300
1773-12-01,3.800
1774-01-01,0.600
1774-02-01,4.300
1774-03-01,6.400
1774-04-01,8.600
1774-05-01,10.900
1774-06-01,14.700
1774-07-01,16.100
1774-08-01,16.100
1774-09-01,12.500
1774-10-01,10.300
1774-11-01,4.800
1774-12-01,3.500
1775-01-01,4.600
1775-02-01,6.100
1775-03-01,6.000
1775-04-01,9.800
1775-05-01,12.600
1775-06-01,16.600
1775-07-01,16.700
1775-08-01,15.800
1775-09-01,14.300
1775-10-01,9.300
1775-11-01,4.800
1775-12-01,4.500
1776-01-01,-1.600
1776-02-01,3.800
1776-03-01,6.400
1776-04-01,9.400
1776-05-01,10.800
1776-06-01,14.100
1776-07-01,16.300
1776-08-01,15.200
1776-09-01,12.900
1776-10-01,10.200
1776-11-01,6.200
1776-12-01,4.400
1777-01-01,1.900
1777-02-01,2.300
1777-03-01,6.800
1777-04-01,7.200
1777-05-01,11.700
1777-06-01,13.600
1777-07-01,15.300
1777-08-01,15.900
1777-09-01,14.600
1777-10-01,10.200
1777-11-01,6.900
1777-12-01,2.600
1778-01-01,1.900
1778-02-01,3.200
1778-03-01,4.600
1778-04-01,8.200
1778-05-01,10.600
1778-06-01,15.400
1778-07-01,17.300
1778-08-01,16.800
1778-09-01,12.200
1778-10-01,7.400
1778-11-01,6.700
1778-12-01,6.100
1779-01-01,2.900
1779-02-01,7.900
1779-03-01,7.900
1779-04-01,9.400
1779-05-01,11.900
1779-06-01,14.400
1779-07-01,17.900
1779-08-01,17.600
1779-09-01,15.200
1779-10-01,10.900
1779-11-01,5.700
1779-12-01,3.100
1780-01-01,-0.900
1780-02-01,2.100
1780-03-01,7.900
1780-04-01,6.300
1780-05-01,12.800
1780-06-01,14.200
1780-07-01,16.800
1780-08-01,17.600
1780-09-01,15.600
1780-10-01,9.100
1780-11-01,4.400
1780-12-01,3.200
1781-01-01,2.100
1781-02-01,4.800
1781-03-01,6.600
1781-04-01,9.200
1781-05-01,12.100
1781-06-01,16.200
1781-07-01,17.400
1781-08-01,17.300
1781-09-01,14.200
1781-10-01,10.600
1781-11-01,6.500
1781-12-01,5.400
1782-01-01,5.200
1782-02-01,1.900
1782-03-01,4.100
1782-04-01,5.200
1782-05-01,9.000
1782-06-01,14.900
1782-07-01,15.600
1782-08-01,14.200
1782-09-01,13.300
1782-10-01,7.600
1782-11-01,2.300
1782-12-01,2.800
1783-01-01,3.400
1783-02-01,3.300
1783-03-01,3.300
1783-04-01,10.100
1783-05-01,10.400
1783-06-01,14.800
1783-07-01,18.800
1783-08-01,15.800
1783-09-01,12.800
1783-10-01,9.800
1783-11-01,6.200
1783-12-01,2.700
1784-01-01,-0.600
1784-02-01,1.400
1784-03-01,2.700
1784-04-01,5.700
1784-05-01,13.500
1784-06-01,13.700
1784-07-01,15.200
1784-08-01,14.000
1784-09-01,14.800
1784-10-01,7.800
1784-11-01,5.500
1784-12-01,0.300
1785-01-01,3.400
1785-02-01,0.400
1785-03-01,1.200
1785-04-01,8.400
1785-05-01,12.300
1785-06-01,16.100
1785-07-01,16.100
1785-08-01,13.900
1785-09-01,13.600
1785-10-01,8.700
1785-11-01,5.600
1785-12-01,2.800
1786-01-01,2.700
1786-02-01,3.400
1786-03-01,2.100
1786-04-01,8.100
1786-05-01,11.200
1786-06-01,16.100
1786-07-01,15.000
1786-08-01,15.100
1786-09-01,11.700
1786-10-01,7.500
1786-11-01,3.300
1786-12-01,2.800
1787-01-01,3.600
1787-02-01,5.900
1787-03-01,6.800
1787-04-01,7.400
1787-05-01,11.500
1787-06-01,13.900
1787-07-01,15.800
1787-08-01,15.600
1787-09-01,12.800
1787-10-01,9.800
1787-11-01,4.500
1787-12-01,3.800
1788-01-01,3.900
1788-02-01,3.800
1788-03-01,3.600
1788-04-01,9.400
1788-05-01,13.800
1788-06-01,15.400
1788-07-01,15.800
1788-08-01,15.800
1788-09-01,13.400
1788-10-01,9.800
1788-11-01,6.100
1788-12-01,-0.300
1789-01-01,1.500
1789-02-01,5.000
1789-03-01,2.100
1789-04-01,7.400
1789-05-01,12.500
1789-06-01,14.000
1789-07-01,15.400
1789-08-01,16.600
1789-09-01,13.100
1789-10-01,8.600
1789-11-01,4.600
1789-12-01,6.100
1790-01-01,4.300
1790-02-01,6.600
1790-03-01,6.400
1790-04-01,6.100
1790-05-01,11.900
1790-06-01,14.600
1790-07-01,14.900
1790-08-01,15.600
1790-09-01,12.200
1790-10-01,10.300
1790-11-01,6.100
1790-12-01,4.300
1791-01-01,4.300
1791-02-01,4.700
1791-03-01,6.500
1791-04-01,9.600
1791-05-01,10.600
1791-06-01,14.700
1791-07-01,15.300
1791-08-01,15.900
1791-09-01,13.800
1791-10-01,8.900
1791-11-01,5.900
1791-12-01,1.100
1792-01-01,2.300
1792-02-01,4.500
1792-03-01,5.900
1792-04-01,10.000
1792-05-01,10.200
1792-06-01,13.200
1792-07-01,15.300
1792-08-01,16.900
1792-09-01,11.800
1792-10-01,8.800
1792-11-01,7.100
1792-12-01,4.300
1793-01-01,2.800
1793-02-01,4.600
1793-03-01,4.200
1793-04-01,6.200
1793-05-01,10.900
1793-06-01,13.500
1793-07-01,17.600
1793-08-01,15.000
1793-09-01,11.700
1793-10-01,11.300
1793-11-01,6.000
1793-12-01,5.300
1794-01-01,1.800
1794-02-01,7.200
1794-03-01,7.000
1794-04-01,10.200
1794-05-01,11.300
1794-06-01,15.700
1794-07-01,18.100
1794-08-01,15.500
1794-09-01,12.500
1794-10-01,9.600
1794-11-01,6.100
1794-12-01,3.700
1795-01-01,-3.100
1795-02-01,0.800
1795-03-01,3.900
1795-04-01,7.700
1795-05-01,10.900
1795-06-01,13.200
1795-07-01,15.200
1795-08-01,16.600
1795-09-01,16.000
1795-10-01,11.700
1795-11-01,4.500
1795-12-01,6.600
1796-01-01,7.300
1796-02-01,4.700
1796-03-01,4.200
1796-04-01,10.200
1796-05-01,10.300
1796-06-01,13.900
1796-07-01,14.700
1796-08-01,15.900
1796-09-01,14.600
1796-10-01,8.100
1796-11-01,4.600
1796-12-01,-0.300
1797-01-01,3.500
1797-02-01,4.600
1797-03-01,4.300
1797-04-01,7.400
1797-05-01,11.300
1797-06-01,13.600
1797-07-01,17.300
1797-08-01,15.800
1797-09-01,12.500
1797-10-01,8.200
1797-11-01,4.700
1797-12-01,4.800
1798-01-01,3.600
1798-02-01,4.000
1798-03-01,5.100
1798-04-01,10.400
1798-05-01,12.900
1798-06-01,16.900
1798-07-01,16.300
1798-08-01,16.400
1798-09-01,13.600
1798-10-01,9.900
1798-11-01,4.700
1798-12-01,1.500
1799-01-01,1.700
1799-02-01,2.800
1799-03-01,3.400
1799-04-01,5.400
1799-05-01,9.600
1799-06-01,14.100
1799-07-01,15.200
1799-08-01,14.400
1799-09-01,12.900
1799-10-01,8.300
1799-11-01,5.600
1799-12-01,1.300
1800-01-01,2.800
1800-02-01,2.200
1800-03-01,4.000
1800-04-01,9.300
1800-05-01,12.300
1800-06-01,13.900
1800-07-01,17.700
1800-08-01,16.800
1800-09-01,13.900
1800-10-01,9.200
1800-11-01,5.400
1800-12-01,3.300
1801-01-01,4.600
1801-02-01,4.800
1801-03-01,6.700
1801-04-01,8.300
1801-05-01,12.100
1801-06-01,14.800
1801-07-01,16.100
1801-08-01,17.100
1801-09-01,14.200
1801-10-01,10.200
1801-11-01,4.800
1801-12-01,1.500
1802-01-01,1.600
1802-02-01,3.700
1802-03-01,5.600
1802-04-01,8.900
1802-05-01,10.600
1802-06-01,13.700
1802-07-01,13.500
1802-08-01,17.200
1802-09-01,13.800
1802-10-01,10.100
1802-11-01,5.100
1802-12-01,3.600
1803-01-01,1.800
1803-02-01,3.400
1803-03-01,6.300
1803-04-01,9.100
1803-05-01,10.500
1803-06-01,13.700
1803-07-01,17.600
1803-08-01,16.100
1803-09-01,11.400
1803-10-01,9.300
1803-11-01,5.000
1803-12-01,4.400
1804-01-01,5.800
1804-02-01,2.900
1804-03-01,4.700
1804-04-01,6.900
1804-05-01,13.300
1804-06-01,16.100
1804-07-01,15.900
1804-08-01,15.600
1804-09-01,14.200
1804-10-01,10.700
1804-11-01,6.600
1804-12-01,2.100
1805-01-01,2.100
1805-02-01,4.100
1805-03-01,6.200
1805-04-01,8.300
1805-05-01,10.200
1805-06-01,13.200
1805-07-01,16.000
1805-08-01,16.400
1805-09-01,14.600
1805-10-01,8.200
1805-11-01,4.800
1805-12-01,3.600
1806-01-01,4.200
1806-02-01,4.300
1806-03-01,5.100
1806-04-01,6.800
1806-05-01,12.100
1806-06-01,14.900
1806-07-01,15.400
1806-08-01,16.200
1806-09-01,13.400
1806-10-01,10.600
1806-11-01,7.800
1806-12-01,6.800
1807-01-01,2.800
1807-02-01,3.700
1807-03-01,2.900
1807-04-01,7.700
1807-05-01,11.800
1807-06-01,14.200
1807-07-01,17.100
1807-08-01,16.900
1807-09-01,10.500
1807-10-01,11.400
1807-11-01,2.900
1807-12-01,1.800
1808-01-01,2.600
1808-02-01,2.800
1808-03-01,3.200
1808-04-01,5.800
1808-05-01,13.700
1808-06-01,14.800
1808-07-01,18.400
1808-08-01,16.700
1808-09-01,12.700
1808-10-01,7.200
1808-11-01,6.000
1808-12-01,2.200
1809-01-01,2.000
1809-02-01,5.700
1809-03-01,6.000
1809-04-01,5.200
1809-05-01,13.100
1809-06-01,13.700
1809-07-01,15.100
1809-08-01,14.800
1809-09-01,12.700
1809-10-01,10.200
1809-11-01,4.600
1809-12-01,4.100
1810-01-01,2.200
1810-02-01,3.500
1810-03-01,4.900
1810-04-01,8.200
1810-05-01,9.200
1810-06-01,14.600
1810-07-01,15.200
1810-08-01,14.600
1810-09-01,13.900
1810-10-01,9.800
1810-11-01,5.400
1810-12-01,3.600
1811-01-01,1.200
1811-02-01,4.600
1811-03-01,7.100
1811-04-01,8.900
1811-05-01,12.800
1811-06-01,14.100
1811-07-01,16.100
1811-08-01,14.400
1811-09-01,13.700
1811-10-01,12.300
1811-11-01,7.700
1811-12-01,3.100
1812-01-01,2.600
1812-02-01,5.300
1812-03-01,3.500
1812-04-01,5.500
1812-05-01,10.900
1812-06-01,13.000
1812-07-01,14.200
1812-08-01,14.300
1812-09-01,13.200
1812-10-01,9.300
1812-11-01,4.900
1812-12-01,1.700
1813-01-01,1.900
1813-02-01,5.800
1813-03-01,6.800
1813-04-01,7.600
1813-05-01,11.600
1813-06-01,13.600
1813-07-01,15.000
1813-08-01,14.500
1813-09-01,12.500
1813-10-01,8.100
1813-11-01,4.300
1813-12-01,2.800
1814-01-01,-2.900
1814-02-01,1.400
1814-03-01,2.900
1814-04-01,9.600
1814-05-01,9.200
1814-06-01,12.200
1814-07-01,16.000
1814-08-01,14.700
1814-09-01,12.800
1814-10-01,8.100
1814-11-01,4.700
1814-12-01,4.300
1815-01-01,0.300
1815-02-01,6.500
1815-03-01,7.300
1815-04-01,8.100
1815-05-01,12.600
1815-06-01,14.300
1815-07-01,14.900
1815-08-01,15.300
1815-09-01,13.400
1815-10-01,10.300
1815-11-01,3.400
1815-12-01,2.300
1816-01-01,2.700
1816-02-01,2.100
1816-03-01,3.900
1816-04-01,6.600
1816-05-01,9.900
1816-06-01,12.800
1816-07-01,13.400
1816-08-01,13.900
1816-09-01,11.800
1816-10-01,10.300
1816-11-01,3.900
1816-12-01,3.100
1817-01-01,4.500
1817-02-01,6.400
1817-03-01,5.500
1817-04-01,7.600
1817-05-01,8.700
1817-06-01,15.100
1817-07-01,14.100
1817-08-01,13.600
1817-09-01,13.200
1817-10-01,6.400
1817-11-01,9.100
1817-12-01,2.500
1818-01-01,4.400
1818-02-01,2.700
1818-03-01,4.500
1818-04-01,6.900
1818-05-01,11.300
1818-06-01,16.400
1818-07-01,18.200
1818-08-01,15.300
1818-09-01,13.300
1818-10-01,12.000
1818-11-01,9.500
1818-12-01,3.600
1819-01-01,4.400
1819-02-01,4.300
1819-03-01,6.800
1819-04-01,8.600
1819-05-01,11.500
1819-06-01,13.400
1819-07-01,16.400
1819-08-01,17.400
1819-09-01,13.400
1819-10-01,9.100
1819-11-01,4.100
1819-12-01,1.400
1820-01-01,-0.300
1820-02-01,3.200
1820-03-01,4.700
1820-04-01,8.900
1820-05-01,11.400
1820-06-01,13.600
1820-07-01,15.700
1820-08-01,14.700
1820-09-01,12.300
1820-10-01,8.100
1820-11-01,5.600
1820-12-01,4.700
1821-01-01,3.600
1821-02-01,2.100
1821-03-01,5.700
1821-04-01,9.500
1821-05-01,9.400
1821-06-01,12.300
1821-07-01,14.800
1821-08-01,16.400
1821-09-01,14.900
1821-10-01,10.400
1821-11-01,8.600
1821-12-01,6.400
1822-01-01,4.700
1822-02-01,6.300
1822-03-01,7.800
1822-04-01,8.300
1822-05-01,12.700
1822-06-01,17.100
1822-07-01,15.600
1822-08-01,15.200
1822-09-01,12.400
1822-10-01,10.700
1822-11-01,8.200
1822-12-01,1.600
1823-01-01,-0.100
1823-02-01,3.100
1823-03-01,5.000
1823-04-01,6.700
1823-05-01,12.200
1823-06-01,12.300
1823-07-01,14.100
1823-08-01,14.400
1823-09-01,12.500
1823-10-01,8.400
1823-11-01,7.100
1823-12-01,4.800
1824-01-01,4.300
1824-02-01,4.700
1824-03-01,4.600
1824-04-01,7.400
1824-05-01,10.700
1824-06-01,13.400
1824-07-01,16.000
1824-08-01,15.100
1824-09-01,13.700
1824-10-01,9.500
1824-11-01,7.200
1824-12-01,5.100
1825-01-01,3.800
1825-02-01,3.900
1825-03-01,5.000
1825-04-01,9.100
1825-05-01,11.600
1825-06-01,14.100
1825-07-01,17.200
1825-08-01,16.300
1825-09-01,15.100
1825-10-01,10.800
1825-11-01,5.200
1825-12-01,4.600
1826-01-01,0.400
1826-02-01,6.400
1826-03-01,6.300
1826-04-01,8.800
1826-05-01,11.200
1826-06-01,17.300
1826-07-01,17.900
1826-08-01,17.600
1826-09-01,13.600
1826-10-01,11.100
1826-11-01,4.400
1826-12-01,5.800
1827-01-01,1.700
1827-02-01,0.700
1827-03-01,5.900
1827-04-01,8.900
1827-05-01,11.900
1827-06-01,14.200
1827-07-01,16.500
1827-08-01,14.800
1827-09-01,13.700
1827-10-01,11.400
1827-11-01,6.900
1827-12-01,6.900
1828-01-01,5.100
1828-02-01,5.200
1828-03-01,6.600
1828-04-01,8.300
1828-05-01,12.400
1828-06-01,15.400
1828-07-01,16.000
1828-08-01,15.300
1828-09-01,14.300
1828-10-01,10.200
1828-11-01,7.400
1828-12-01,7.400
1829-01-01,0.300
1829-02-01,4.300
1829-03-01,4.300
1829-04-01,6.700
1829-05-01,12.500
1829-06-01,14.900
1829-07-01,15.100
1829-08-01,14.300
1829-09-01,11.300
1829-10-01,8.300
1829-11-01,4.500
1829-12-01,1.400
1830-01-01,-0.200
1830-02-01,2.200
1830-03-01,7.700
1830-04-01,8.900
1830-05-01,12.000
1830-06-01,12.700
1830-07-01,16.200
1830-08-01,13.700
1830-09-01,11.900
1830-10-01,10.400
1830-11-01,6.900
1830-12-01,1.900
1831-01-01,1.600
1831-02-01,4.800
1831-03-01,7.200
1831-04-01,9.200
1831-05-01,11.500
1831-06-01,15.400
1831-07-01,16.700
1831-08-01,16.900
1831-09-01,13.700
1831-10-01,12.700
1831-11-01,5.600
1831-12-01,5.800
1832-01-01,3.100
1832-02-01,3.400
1832-03-01,5.800
1832-04-01,8.600
1832-05-01,10.900
1832-06-01,15.200
1832-07-01,15.900
1832-08-01,15.400
1832-09-01,13.600
1832-10-01,10.700
1832-11-01,5.900
1832-12-01,5.100
1833-01-01,1.200
1833-02-01,5.600
1833-03-01,3.900
1833-04-01,7.700
1833-05-01,15.100
1833-06-01,14.600
1833-07-01,15.800
1833-08-01,14.300
1833-09-01,12.100
1833-10-01,10.100
1833-11-01,6.600
1833-12-01,6.900
1834-01-01,7.100
1834-02-01,5.600
1834-03-01,7.100
1834-04-01,7.700
1834-05-01,13.000
1834-06-01,15.400
1834-07-01,16.900
1834-08-01,16.200
1834-09-01,13.800
1834-10-01,10.600
1834-11-01,6.700
1834-12-01,5.600
1835-01-01,2.900
1835-02-01,5.700
1835-03-01,5.800
1835-04-01,8.600
1835-05-01,11.300
1835-06-01,15.000
1835-07-01,16.400
1835-08-01,16.900
1835-09-01,13.400
1835-10-01,8.900
1835-11-01,6.600
1835-12-01,3.100
1836-01-01,3.700
1836-02-01,3.500
1836-03-01,5.800
1836-04-01,7.200
1836-05-01,11.100
1836-06-01,15.300
1836-07-01,15.400
1836-08-01,14.600
1836-09-01,11.700
1836-10-01,8.600
1836-11-01,5.300
1836-12-01,4.100
1837-01-01,2.700
1837-02-01,4.700
1837-03-01,2.300
1837-04-01,4.700
1837-05-01,9.900
1837-06-01,15.500
1837-07-01,16.900
1837-08-01,15.700
1837-09-01,12.500
1837-10-01,10.500
1837-11-01,5.200
1837-12-01,5.300
1838-01-01,-1.500
1838-02-01,0.400
1838-03-01,4.900
1838-04-01,6.100
1838-05-01,10.500
1838-06-01,14.400
1838-07-01,15.600
1838-08-01,15.100
1838-09-01,12.700
1838-10-01,9.800
1838-11-01,4.600
1838-12-01,4.000
1839-01-01,2.800
1839-02-01,4.100
1839-03-01,4.200
1839-04-01,6.400
1839-05-01,10.200
1839-06-01,14.300
1839-07-01,14.900
1839-08-01,14.600
1839-09-01,12.400
1839-10-01,9.300
1839-11-01,7.300
1839-12-01,3.700
1840-01-01,4.100
1840-02-01,3.600
1840-03-01,3.800
1840-04-01,9.700
1840-05-01,11.400
1840-06-01,14.100
1840-07-01,13.800
1840-08-01,15.900
1840-09-01,11.100
1840-10-01,7.500
1840-11-01,11.400
1840-12-01,1.300
1841-01-01,1.100
1841-02-01,2.400
1841-03-01,7.500
1841-04-01,7.800
1841-05-01,12.700
1841-06-01,12.900
1841-07-01,13.800
1841-08-01,14.600
1841-09-01,13.400
1841-10-01,8.700
1841-11-01,5.200
1841-12-01,4.400
1842-01-01,0.600
1842-02-01,4.200
1842-03-01,6.400
1842-04-01,7.800
1842-05-01,11.400
1842-06-01,15.600
1842-07-01,14.500
1842-08-01,17.100
1842-09-01,13.200
1842-10-01,7.200
1842-11-01,5.500
1842-12-01,7.200
1843-01-01,4.000
1843-02-01,1.900
1843-03-01,5.600
1843-04-01,8.500
1843-05-01,10.400
1843-06-01,12.800
1843-07-01,14.800
1843-08-01,15.300
1843-09-01,14.400
1843-10-01,7.900
1843-11-01,5.700
1843-12-01,7.400
1844-01-01,3.800
1844-02-01,1.600
1844-03-01,4.700
1844-04-01,9.800
1844-05-01,10.800
1844-06-01,14.700
1844-07-01,15.400
1844-08-01,13.500
1844-09-01,13.300
1844-10-01,9.200
1844-11-01,5.900
1844-12-01,0.400
1845-01-01,3.200
1845-02-01,0.900
1845-03-01,2.000
1845-04-01,8.600
1845-05-01,9.500
1845-06-01,14.900
1845-07-01,14.300
1845-08-01,13.500
1845-09-01,11.400
1845-10-01,9.500
1845-11-01,6.700
1845-12-01,4.600
1846-01-01,6.300
1846-02-01,6.400
1846-03-01,6.100
1846-04-01,7.800
1846-05-01,12.300
1846-06-01,18.200
1846-07-01,16.500
1846-08-01,16.600
1846-09-01,14.700
1846-10-01,9.500
1846-11-01,6.900
1846-12-01,0.500
1847-01-01,2.200
1847-02-01,2.400
1847-03-01,5.600
1847-04-01,6.600
1847-05-01,12.300
1847-06-01,13.900
1847-07-01,17.500
1847-08-01,15.200
1847-09-01,11.500
1847-10-01,10.700
1847-11-01,7.900
1847-12-01,4.800
1848-01-01,1.300
1848-02-01,6.100
1848-03-01,5.900
1848-04-01,8.200
1848-05-01,13.900
1848-06-01,14.500
1848-07-01,15.600
1848-08-01,13.600
1848-09-01,12.800
1848-10-01,9.700
1848-11-01,5.800
1848-12-01,5.600
1849-01-01,3.900
1849-02-01,5.700
1849-03-01,6.100
1849-04-01,6.400
1849-05-01,12.100
1849-06-01,13.900
1849-07-01,15.400
1849-08-01,15.600
1849-09-01,13.300
1849-10-01,9.200
1849-11-01,6.600
1849-12-01,3.400
1850-01-01,0.700
1850-02-01,6.400
1850-03-01,4.700
1850-04-01,9.000
1850-05-01,10.100
1850-06-01,15.400
1850-07-01,16.200
1850-08-01,14.500
1850-09-01,12.300
1850-10-01,7.900
1850-11-01,7.400
1850-12-01,4.600
1851-01-01,5.600
1851-02-01,4.700
1851-03-01,5.800
1851-04-01,7.400
1851-05-01,10.400
1851-06-01,14.300
1851-07-01,14.600
1851-08-01,15.500
1851-09-01,12.700
1851-10-01,10.800
1851-11-01,3.100
1851-12-01,4.800
1852-01-01,4.900
1852-02-01,4.700
1852-03-01,5.200
1852-04-01,8.200
1852-05-01,10.600
1852-06-01,13.200
1852-07-01,18.700
1852-08-01,15.800
1852-09-01,12.900
1852-10-01,7.800
1852-11-01,7.900
1852-12-01,7.700
1853-01-01,5.100
1853-02-01,0.600
1853-03-01,3.400
1853-04-01,7.600
1853-05-01,10.900
1853-06-01,14.300
1853-07-01,14.900
1853-08-01,14.700
1853-09-01,12.300
1853-10-01,10.100
1853-11-01,5.200
1853-12-01,1.300
1854-01-01,3.600
1854-02-01,4.300
1854-03-01,6.700
1854-04-01,9.200
1854-05-01,10.300
1854-06-01,13.200
1854-07-01,15.400
1854-08-01,15.200
1854-09-01,14.400
1854-10-01,9.400
1854-11-01,4.900
1854-12-01,5.100
1855-01-01,2.400
1855-02-01,-1.700
1855-03-01,3.300
1855-04-01,7.100
1855-05-01,8.800
1855-06-01,13.300
1855-07-01,16.800
1855-08-01,15.700
1855-09-01,13.200
1855-10-01,9.700
1855-11-01,5.300
1855-12-01,2.400
1856-01-01,3.700
1856-02-01,5.300
1856-03-01,4.400
1856-04-01,8.100
1856-05-01,9.400
1856-06-01,13.500
1856-07-01,15.300
1856-08-01,16.900
1856-09-01,12.500
1856-10-01,10.700
1856-11-01,4.800
1856-12-01,4.400
1857-01-01,2.600
1857-02-01,4.300
1857-03-01,5.300
1857-04-01,7.500
1857-05-01,11.300
1857-06-01,15.800
1857-07-01,16.400
1857-08-01,17.400
1857-09-01,14.500
1857-10-01,11.300
1857-11-01,7.200
1857-12-01,7.300
1858-01-01,3.400
1858-02-01,1.800
1858-03-01,4.900
1858-04-01,7.700
1858-05-01,10.800
1858-06-01,16.800
1858-07-01,14.800
1858-08-01,15.800
1858-09-01,14.700
1858-10-01,9.600
1858-11-01,4.300
1858-12-01,4.800
1859-01-01,4.900
1859-02-01,5.700
1859-03-01,7.300
1859-04-01,7.500
1859-05-01,11.700
1859-06-01,14.800
1859-07-01,18.300
1859-08-01,16.200
1859-09-01,12.900
1859-10-01,9.600
1859-11-01,4.800
1859-12-01,1.600
1860-01-01,3.500
1860-02-01,1.700
1860-03-01,4.700
1860-04-01,5.900
1860-05-01,11.500
1860-06-01,12.300
1860-07-01,14.500
1860-08-01,13.600
1860-09-01,11.200
1860-10-01,9.800
1860-11-01,4.500
1860-12-01,1.500
1861-01-01,1.700
1861-02-01,4.900
1861-03-01,6.300
1861-04-01,7.500
1861-05-01,10.400
1861-06-01,14.800
1861-07-01,15.000
1861-08-01,15.900
1861-09-01,13.100
1861-10-01,11.800
1861-11-01,4.200
1861-12-01,3.900
1862-01-01,3.900
1862-02-01,5.100
1862-03-01,5.500
1862-04-01,8.800
1862-05-01,12.300
1862-06-01,12.700
1862-07-01,14.200
1862-08-01,14.600
1862-09-01,13.000
1862-10-01,10.300
1862-11-01,3.200
1862-12-01,6.500
1863-01-01,4.900
1863-02-01,5.800
1863-03-01,6.500
1863-04-01,8.800
1863-05-01,10.600
1863-06-01,13.600
1863-07-01,15.200
1863-08-01,15.500
1863-09-01,11.600
1863-10-01,9.900
1863-11-01,7.300
1863-12-01,6.300
1864-01-01,2.400
1864-02-01,2.300
1864-03-01,4.700
1864-04-01,8.800
1864-05-01,12.400
1864-06-01,13.600
1864-07-01,15.500
1864-08-01,14.200
1864-09-01,13.300
1864-10-01,9.800
1864-11-01,5.500
1864-12-01,3.700
1865-01-01,2.100
1865-02-01,2.300
1865-03-01,2.900
1865-04-01,10.600
1865-05-01,12.600
1865-06-01,15.600
1865-07-01,16.600
1865-08-01,15.100
1865-09-01,16.300
1865-10-01,9.700
1865-11-01,6.700
1865-12-01,5.800
1866-01-01,5.800
1866-02-01,4.400
1866-03-01,4.800
1866-04-01,8.600
1866-05-01,10.000
1866-06-01,15.500
1866-07-01,15.500
1866-08-01,14.700
1866-09-01,12.800
1866-10-01,10.700
1866-11-01,6.900
1866-12-01,6.100
1867-01-01,1.200
1867-02-01,6.900
1867-03-01,3.100
1867-04-01,9.300
1867-05-01,11.400
1867-06-01,14.100
1867-07-01,14.900
1867-08-01,16.300
1867-09-01,13.600
1867-10-01,9.300
1867-11-01,4.800
1867-12-01,3.400
1868-01-01,3.900
1868-02-01,6.300
1868-03-01,6.800
1868-04-01,8.700
1868-05-01,13.500
1868-06-01,15.500
1868-07-01,18.300
1868-08-01,16.800
1868-09-01,14.300
1868-10-01,8.400
1868-11-01,4.900
1868-12-01,7.200
1869-01-01,5.600
1869-02-01,7.500
1869-03-01,3.800
1869-04-01,10.100
1869-05-01,9.600
1869-06-01,13.200
1869-07-01,17.300
1869-08-01,15.500
1869-09-01,14.400
1869-10-01,9.700
1869-11-01,5.800
1869-12-01,2.900
1870-01-01,3.300
1870-02-01,2.800
1870-03-01,4.700
1870-04-01,9.200
1870-05-01,11.700
1870-06-01,15.200
1870-07-01,17.500
1870-08-01,15.700
1870-09-01,12.900
1870-10-01,9.500
1870-11-01,4.700
1870-12-01,0.600
1871-01-01,0.500
1871-02-01,6.100
1871-03-01,7.300
1871-04-01,8.700
1871-05-01,11.300
1871-06-01,12.800
1871-07-01,15.200
1871-08-01,17.200
1871-09-01,12.700
1871-10-01,9.800
1871-11-01,3.400
1871-12-01,3.600
1872-01-01,5.000
1872-02-01,6.900
1872-03-01,6.800
1872-04-01,8.200
1872-05-01,9.700
1872-06-01,14.100
1872-07-01,17.100
1872-08-01,15.300
1872-09-01,13.200
1872-10-01,8.400
1872-11-01,7.000
1872-12-01,5.300
1873-01-01,5.200
1873-02-01,1.800
1873-03-01,5.400
1873-04-01,7.700
1873-05-01,9.900
1873-06-01,14.200
1873-07-01,16.200
1873-08-01,15.400
1873-09-01,11.800
1873-10-01,8.600
1873-11-01,6.300
1873-12-01,5.300
1874-01-01,5.500
1874-02-01,3.900
1874-03-01,6.700
1874-04-01,9.800
1874-05-01,10.000
1874-06-01,13.900
1874-07-01,17.300
1874-08-01,15.100
1874-09-01,13.600
1874-10-01,10.400
1874-11-01,5.600
1874-12-01,-0.200
1875-01-01,6.400
1875-02-01,2.300
1875-03-01,5.100
1875-04-01,8.600
1875-05-01,12.300
1875-06-01,14.200
1875-07-01,14.800
1875-08-01,16.100
1875-09-01,14.900
1875-10-01,8.900
1875-11-01,5.400
1875-12-01,4.200
1876-01-01,3.200
1876-02-01,4.800
1876-03-01,4.500
1876-04-01,7.900
1876-05-01,9.600
1876-06-01,14.300
1876-07-01,17.200
1876-08-01,16.500
1876-09-01,12.700
1876-10-01,11.300
1876-11-01,6.100
1876-12-01,6.000
1877-01-01,5.500
1877-02-01,6.200
1877-03-01,4.900
1877-04-01,7.000
1877-05-01,9.100
1877-06-01,15.200
1877-07-01,14.700
1877-08-01,15.200
1877-09-01,11.200
1877-10-01,9.300
1877-11-01,7.100
1877-12-01,4.700
1878-01-01,4.600
1878-02-01,5.600
1878-03-01,5.400
1878-04-01,8.900
1878-05-01,11.800
1878-06-01,15.100
1878-07-01,16.600
1878-08-01,16.200
1878-09-01,13.300
1878-10-01,10.200
1878-11-01,3.500
1878-12-01,-0.300
1879-01-01,-0.700
1879-02-01,3.100
1879-03-01,4.700
1879-04-01,5.700
1879-05-01,8.900
1879-06-01,12.900
1879-07-01,13.600
1879-08-01,14.500
1879-09-01,12.600
1879-10-01,8.900
1879-11-01,4.100
1879-12-01,0.700
1880-01-01,0.900
1880-02-01,5.800
1880-03-01,6.200
1880-04-01,7.900
1880-05-01,10.400
1880-06-01,13.800
1880-07-01,15.500
1880-08-01,16.400
1880-09-01,14.600
1880-10-01,7.100
1880-11-01,5.400
1880-12-01,5.100
1881-01-01,-1.500
1881-02-01,3.200
1881-03-01,5.300
1881-04-01,7.300
1881-05-01,11.800
1881-06-01,13.700
1881-07-01,16.200
1881-08-01,13.900
1881-09-01,12.700
1881-10-01,7.300
1881-11-01,8.900
1881-12-01,3.900
1882-01-01,5.200
1882-02-01,6.100
1882-03-01,7.400
1882-04-01,8.400
1882-05-01,11.500
1882-06-01,13.100
1882-07-01,15.200
1882-08-01,14.900
1882-09-01,12.100
1882-10-01,9.900
1882-11-01,5.700
1882-12-01,3.900
1883-01-01,4.700
1883-02-01,5.900
1883-03-01,1.800
1883-04-01,8.100
1883-05-01,10.600
1883-06-01,13.900
1883-07-01,14.500
1883-08-01,15.300
1883-09-01,13.300
1883-10-01,9.700
1883-11-01,5.800
1883-12-01,4.600
1884-01-01,6.500
1884-02-01,5.300
1884-03-01,6.500
1884-04-01,7.200
1884-05-01,11.300
1884-06-01,14.100
1884-07-01,16.300
1884-08-01,17.200
1884-09-01,14.500
1884-10-01,9.400
1884-11-01,5.300
1884-12-01,4.400
1885-01-01,2.900
1885-02-01,5.800
1885-03-01,4.500
1885-04-01,7.700
1885-05-01,8.900
1885-06-01,13.900
1885-07-01,16.300
1885-08-01,13.600
1885-09-01,12.200
1885-10-01,7.500
1885-11-01,5.900
1885-12-01,3.700
1886-01-01,2.100
1886-02-01,1.500
1886-03-01,4.200
1886-04-01,7.600
1886-05-01,10.300
1886-06-01,13.500
1886-07-01,15.900
1886-08-01,15.800
1886-09-01,13.600
1886-10-01,11.300
1886-11-01,6.600
1886-12-01,1.900
1887-01-01,2.400
1887-02-01,3.800
1887-03-01,3.300
1887-04-01,6.200
1887-05-01,9.400
1887-06-01,15.300
1887-07-01,17.300
1887-08-01,15.700
1887-09-01,11.800
1887-10-01,7.100
1887-11-01,4.400
1887-12-01,2.600
1888-01-01,3.200
1888-02-01,1.800
1888-03-01,3.100
1888-04-01,6.200
1888-05-01,10.700
1888-06-01,13.200
1888-07-01,13.700
1888-08-01,14.100
1888-09-01,12.200
1888-10-01,7.900
1888-11-01,7.700
1888-12-01,4.900
1889-01-01,3.400
1889-02-01,2.900
1889-03-01,4.700
1889-04-01,7.100
1889-05-01,12.900
1889-06-01,15.300
1889-07-01,15.300
1889-08-01,14.700
1889-09-01,12.800
1889-10-01,8.600
1889-11-01,6.900
1889-12-01,3.300
1890-01-01,5.700
1890-02-01,3.100
1890-03-01,6.200
1890-04-01,7.100
1890-05-01,11.700
1890-06-01,13.500
1890-07-01,14.500
1890-08-01,14.100
1890-09-01,14.600
1890-10-01,9.400
1890-11-01,5.700
1890-12-01,-0.800
1891-01-01,1.300
1891-02-01,3.900
1891-03-01,3.800
1891-04-01,6.200
1891-05-01,9.500
1891-06-01,14.700
1891-07-01,15.100
1891-08-01,14.100
1891-09-01,14.200
1891-10-01,9.400
1891-11-01,5.600
1891-12-01,4.100
1892-01-01,2.300
1892-02-01,3.600
1892-03-01,2.700
1892-04-01,7.300
1892-05-01,11.600
1892-06-01,13.400
1892-07-01,14.300
1892-08-01,15.200
1892-09-01,12.400
1892-10-01,7.100
1892-11-01,6.400
1892-12-01,1.800
1893-01-01,2.200
1893-02-01,4.700
1893-03-01,7.200
1893-04-01,10.300
1893-05-01,13.100
1893-06-01,15.600
1893-07-01,16.400
1893-08-01,17.400
1893-09-01,12.900
1893-10-01,9.900
1893-11-01,5.200
1893-12-01,4.800
1894-01-01,3.400
1894-02-01,5.100
1894-03-01,6.700
1894-04-01,9.700
1894-05-01,9.200
1894-06-01,13.500
1894-07-01,15.900
1894-08-01,14.200
1894-09-01,11.600
1894-10-01,9.300
1894-11-01,7.900
1894-12-01,5.100
1895-01-01,0.200
1895-02-01,-1.800
1895-03-01,5.100
1895-04-01,8.200
1895-05-01,12.400
1895-06-01,14.800
1895-07-01,15.200
1895-08-01,15.800
1895-09-01,15.400
1895-10-01,7.100
1895-11-01,7.500
1895-12-01,3.900
1896-01-01,4.800
1896-02-01,4.600
1896-03-01,6.700
1896-04-01,9.100
1896-05-01,11.900
1896-06-01,16.200
1896-07-01,16.200
1896-08-01,14.300
1896-09-01,13.100
1896-10-01,6.900
1896-11-01,4.300
1896-12-01,3.900
1897-01-01,1.600
1897-02-01,5.800
1897-03-01,6.500
1897-04-01,7.100
1897-05-01,10.000
1897-06-01,15.100
1897-07-01,16.500
1897-08-01,16.200
1897-09-01,12.100
1897-10-01,9.900
1897-11-01,7.600
1897-12-01,4.700
1898-01-01,6.600
1898-02-01,4.800
1898-03-01,4.300
1898-04-01,8.500
1898-05-01,10.200
1898-06-01,13.600
1898-07-01,15.300
1898-08-01,16.500
1898-09-01,15.200
1898-10-01,11.300
1898-11-01,7.200
1898-12-01,7.300
1899-01-01,4.900
1899-02-01,5.100
1899-03-01,5.100
1899-04-01,7.800
1899-05-01,9.900
1899-06-01,15.700
1899-07-01,17.300
1899-08-01,17.800
1899-09-01,13.200
1899-10-01,8.800
1899-11-01,8.500
1899-12-01,2.200
1900-01-01,4.400
1900-02-01,2.600
1900-03-01,3.700
1900-04-01,8.300
1900-05-01,10.300
1900-06-01,14.700
1900-07-01,17.700
1900-08-01,15.100
1900-09-01,13.600
1900-10-01,9.800
1900-11-01,7.300
1900-12-01,7.200
1901-01-01,3.500
1901-02-01,2.300
1901-03-01,4.100
1901-04-01,8.600
1901-05-01,11.500
1901-06-01,13.900
1901-07-01,18.000
1901-08-01,15.600
1901-09-01,13.900
1901-10-01,9.700
1901-11-01,4.800
1901-12-01,3.400
1902-01-01,4.700
1902-02-01,1.500
1902-03-01,6.700
1902-04-01,7.500
1902-05-01,8.900
1902-06-01,13.900
1902-07-01,14.700
1902-08-01,14.300
1902-09-01,12.800
1902-10-01,9.600
1902-11-01,6.800
1902-12-01,4.600
1903-01-01,4.200
1903-02-01,7.100
1903-03-01,7.100
1903-04-01,6.400
1903-05-01,11.100
1903-06-01,13.000
1903-07-01,15.300
1903-08-01,14.300
1903-09-01,13.100
1903-10-01,10.500
1903-11-01,6.400
1903-12-01,3.300
1904-01-01,4.100
1904-02-01,3.400
1904-03-01,4.300
1904-04-01,8.700
1904-05-01,10.900
1904-06-01,13.300
1904-07-01,17.100
1904-08-01,15.100
1904-09-01,12.500
1904-10-01,9.700
1904-11-01,5.200
1904-12-01,3.700
1905-01-01,3.600
1905-02-01,5.200
1905-03-01,6.800
1905-04-01,7.300
1905-05-01,10.800
1905-06-01,14.700
1905-07-01,17.200
1905-08-01,14.700
1905-09-01,12.400
1905-10-01,7.100
1905-11-01,4.900
1905-12-01,4.900
1906-01-01,5.300
1906-02-01,3.100
1906-03-01,5.100
1906-04-01,7.300
1906-05-01,10.500
1906-06-01,14.300
1906-07-01,15.800
1906-08-01,16.700
1906-09-01,13.900
1906-10-01,10.900
1906-11-01,7.300
1906-12-01,3.000
1907-01-01,3.600
1907-02-01,2.800
1907-03-01,6.300
1907-04-01,7.600
1907-05-01,10.500
1907-06-01,12.400
1907-07-01,14.100
1907-08-01,14.300
1907-09-01,13.600
1907-10-01,9.800
1907-11-01,6.500
1907-12-01,4.600
1908-01-01,2.500
1908-02-01,5.300
1908-03-01,4.300
1908-04-01,6.000
1908-05-01,12.400
1908-06-01,14.300
1908-07-01,15.800
1908-08-01,14.600
1908-09-01,12.900
1908-10-01,12.900
1908-11-01,7.400
1908-12-01,3.900
1909-01-01,3.500
1909-02-01,2.900
1909-03-01,3.700
1909-04-01,8.700
1909-05-01,11.000
1909-06-01,11.800
1909-07-01,14.600
1909-08-01,15.400
1909-09-01,11.900
1909-10-01,10.400
1909-11-01,4.800
1909-12-01,3.900
1910-01-01,3.500
1910-02-01,5.100
1910-03-01,5.600
1910-04-01,7.300
1910-05-01,11.200
1910-06-01,14.700
1910-07-01,14.200
1910-08-01,15.200
1910-09-01,12.500
1910-10-01,10.600
1910-11-01,3.200
1910-12-01,6.400
1911-01-01,3.800
1911-02-01,4.800
1911-03-01,5.200
1911-04-01,7.500
1911-05-01,12.900
1911-06-01,14.500
1911-07-01,18.200
1911-08-01,18.200
1911-09-01,13.900
1911-10-01,9.300
1911-11-01,6.100
1911-12-01,6.200
1912-01-01,3.600
1912-02-01,5.400
1912-03-01,7.200
1912-04-01,8.800
1912-05-01,12.100
1912-06-01,13.900
1912-07-01,16.100
1912-08-01,12.900
1912-09-01,11.100
1912-10-01,8.200
1912-11-01,6.300
1912-12-01,6.700
1913-01-01,4.500
1913-02-01,4.800
1913-03-01,6.200
1913-04-01,7.900
1913-05-01,11.400
1913-06-01,14.300
1913-07-01,14.600
1913-08-01,15.200
1913-09-01,14.100
1913-10-01,10.900
1913-11-01,8.400
1913-12-01,5.100
1914-01-01,3.700
1914-02-01,6.800
1914-03-01,6.100
1914-04-01,9.800
1914-05-01,10.800
1914-06-01,14.500
1914-07-01,15.800
1914-08-01,16.100
1914-09-01,13.300
1914-10-01,10.300
1914-11-01,6.800
1914-12-01,4.600
1915-01-01,4.100
1915-02-01,4.300
1915-03-01,5.200
1915-04-01,7.900
1915-05-01,10.800
1915-06-01,14.400
1915-07-01,14.600
1915-08-01,15.300
1915-09-01,13.400
1915-10-01,9.100
1915-11-01,2.800
1915-12-01,5.300
1916-01-01,7.500
1916-02-01,3.800
1916-03-01,3.300
1916-04-01,8.200
1916-05-01,11.600
1916-06-01,11.800
1916-07-01,15.300
1916-08-01,16.400
1916-09-01,13.000
1916-10-01,10.600
1916-11-01,6.800
1916-12-01,1.900
1917-01-01,1.600
1917-02-01,0.900
1917-03-01,3.200
1917-04-01,5.400
1917-05-01,12.800
1917-06-01,15.200
1917-07-01,16.100
1917-08-01,15.300
1917-09-01,14.000
1917-10-01,7.500
1917-11-01,7.800
1917-12-01,2.300
1918-01-01,3.800
1918-02-01,6.500
1918-03-01,5.700
1918-04-01,6.700
1918-05-01,13.000
1918-06-01,13.300
1918-07-01,15.400
1918-08-01,16.100
1918-09-01,11.900
1918-10-01,9.300
1918-11-01,5.500
1918-12-01,6.900
1919-01-01,2.900
1919-02-01,1.900
1919-03-01,3.600
1919-04-01,7.100
1919-05-01,13.500
1919-06-01,14.300
1919-07-01,13.900
1919-08-01,15.700
1919-09-01,12.700
1919-10-01,7.400
1919-11-01,3.300
1919-12-01,5.500
1920-01-01,5.200
1920-02-01,6.000
1920-03-01,7.200
1920-04-01,8.200
1920-05-01,11.800
1920-06-01,14.400
1920-07-01,14.100
1920-08-01,13.600
1920-09-01,13.000
1920-10-01,10.400
1920-11-01,6.800
1920-12-01,4.200
1921-01-01,7.300
1921-02-01,4.800
1921-03-01,7.400
1921-04-01,8.000
1921-05-01,11.500
1921-06-01,14.700
1921-07-01,18.500
1921-08-01,15.400
1921-09-01,14.100
1921-10-01,12.800
1921-11-01,4.600
1921-12-01,6.500
1922-01-01,3.700
1922-02-01,4.400
1922-03-01,4.600
1922-04-01,5.500
1922-05-01,12.700
1922-06-01,13.800
1922-07-01,13.700
1922-08-01,13.600
1922-09-01,12.200
1922-10-01,8.200
1922-11-01,5.900
1922-12-01,5.800
1923-01-01,5.600
1923-02-01,5.600
1923-03-01,6.500
1923-04-01,7.600
1923-05-01,9.200
1923-06-01,12.500
1923-07-01,17.500
1923-08-01,15.200
1923-09-01,12.500
1923-10-01,9.700
1923-11-01,3.300
1923-12-01,3.800
1924-01-01,4.700
1924-02-01,3.300
1924-03-01,4.100
1924-04-01,6.900
1924-05-01,11.600
1924-06-01,13.900
1924-07-01,15.300
1924-08-01,14.100
1924-09-01,13.300
1924-10-01,10.100
1924-11-01,7.100
1924-12-01,6.800
1925-01-01,5.300
1925-02-01,5.200
1925-03-01,4.900
1925-04-01,7.500
1925-05-01,11.600
1925-06-01,15.000
1925-07-01,16.800
1925-08-01,15.400
1925-09-01,11.500
1925-10-01,10.400
1925-11-01,3.600
1925-12-01,2.800
1926-01-01,4.600
1926-02-01,6.800
1926-03-01,6.300
1926-04-01,9.300
1926-05-01,10.200
1926-06-01,13.600
1926-07-01,17.100
1926-08-01,16.200
1926-09-01,14.400
1926-10-01,8.100
1926-11-01,5.900
1926-12-01,4.200
1927-01-01,4.600
1927-02-01,3.900
1927-03-01,7.300
1927-04-01,7.900
1927-05-01,11.200
1927-06-01,12.600
1927-07-01,15.900
1927-08-01,15.700
1927-09-01,12.500
1927-10-01,10.500
1927-11-01,6.200
1927-12-01,2.100
1928-01-01,5.200
1928-02-01,5.800
1928-03-01,6.300
1928-04-01,8.500
1928-05-01,10.900
1928-06-01,12.900
1928-07-01,16.100
1928-08-01,15.300
1928-09-01,12.800
1928-10-01,10.100
1928-11-01,7.600
1928-12-01,3.400
1929-01-01,1.300
1929-02-01,0.400
1929-03-01,6.200
1929-04-01,6.800
1929-05-01,11.300
1929-06-01,13.300
1929-07-01,16.000
1929-08-01,15.400
1929-09-01,15.300
1929-10-01,9.600
1929-11-01,6.700
1929-12-01,5.800
1930-01-01,5.600
1930-02-01,2.500
1930-03-01,5.300
1930-04-01,8.300
1930-05-01,10.700
1930-06-01,15.300
1930-07-01,15.200
1930-08-01,15.700
1930-09-01,13.600
1930-10-01,10.500
1930-11-01,6.200
1930-12-01,4.300
1931-01-01,3.200
1931-02-01,3.900
1931-03-01,4.200
1931-04-01,7.700
1931-05-01,11.400
1931-06-01,14.400
1931-07-01,15.300
1931-08-01,14.400
1931-09-01,11.500
1931-10-01,8.800
1931-11-01,7.800
1931-12-01,5.300
1932-01-01,6.300
1932-02-01,2.900
1932-03-01,4.700
1932-04-01,6.900
1932-05-01,10.500
1932-06-01,14.100
1932-07-01,16.100
1932-08-01,17.100
1932-09-01,12.900
1932-10-01,8.800
1932-11-01,6.600
1932-12-01,5.700
1933-01-01,2.200
1933-02-01,4.300
1933-03-01,7.300
1933-04-01,8.800
1933-05-01,12.200
1933-06-01,15.600
1933-07-01,17.800
1933-08-01,17.600
1933-09-01,14.900
1933-10-01,10.100
1933-11-01,5.600
1933-12-01,1.600
1934-01-01,4.100
1934-02-01,3.800
1934-03-01,4.800
1934-04-01,8.000
1934-05-01,11.300
1934-06-01,14.900
1934-07-01,18.200
1934-08-01,15.400
1934-09-01,14.600
1934-10-01,10.600
1934-11-01,6.100
1934-12-01,8.100
1935-01-01,4.500
1935-02-01,5.800
1935-03-01,6.600
1935-04-01,8.200
1935-05-01,9.900
1935-06-01,15.100
1935-07-01,17.100
1935-08-01,16.600
1935-09-01,13.600
1935-10-01,9.500
1935-11-01,6.900
1935-12-01,2.800
1936-01-01,3.700
1936-02-01,2.600
1936-03-01,7.100
1936-04-01,6.300
1936-05-01,11.500
1936-06-01,14.700
1936-07-01,15.300
1936-08-01,16.100
1936-09-01,14.400
1936-10-01,9.400
1936-11-01,5.500
1936-12-01,5.300
1937-01-01,5.200
1937-02-01,5.600
1937-03-01,3.600
1937-04-01,9.200
1937-05-01,12.200
1937-06-01,14.100
1937-07-01,16.100
1937-08-01,16.900
1937-09-01,13.400
1937-10-01,10.400
1937-11-01,5.100
1937-12-01,3.000
1938-01-01,5.700
1938-02-01,5.100
1938-03-01,9.100
1938-04-01,7.600
1938-05-01,10.700
1938-06-01,14.400
1938-07-01,15.200
1938-08-01,16.300
1938-09-01,13.800
1938-10-01,10.500
1938-11-01,9.400
1938-12-01,4.400
1939-01-01,4.200
1939-02-01,5.600
1939-03-01,5.800
1939-04-01,8.800
1939-05-01,11.400
1939-06-01,14.200
1939-07-01,15.500
1939-08-01,16.400
1939-09-01,14.200
1939-10-01,8.200
1939-11-01,8.700
1939-12-01,3.200
1940-01-01,-1.400
1940-02-01,2.600
1940-03-01,6.000
1940-04-01,8.700
1940-05-01,12.500
1940-06-01,16.400
1940-07-01,15.100
1940-08-01,15.600
1940-09-01,12.800
1940-10-01,9.600
1940-11-01,6.900
1940-12-01,3.800
1941-01-01,0.500
1941-02-01,3.500
1941-03-01,5.100
1941-04-01,6.400
1941-05-01,9.400
1941-06-01,15.100
1941-07-01,17.300
1941-08-01,14.700
1941-09-01,14.500
1941-10-01,10.400
1941-11-01,6.600
1941-12-01,5.600
1942-01-01,0.900
1942-02-01,0.100
1942-03-01,5.200
1942-04-01,9.200
1942-05-01,11.100
1942-06-01,14.400
1942-07-01,15.500
1942-08-01,16.600
1942-09-01,13.600
1942-10-01,10.400
1942-11-01,4.900
1942-12-01,6.700
1943-01-01,4.900
1943-02-01,6.100
1943-03-01,6.500
1943-04-01,10.500
1943-05-01,11.800
1943-06-01,14.400
1943-07-01,16.400
1943-08-01,16.100
1943-09-01,13.300
1943-10-01,10.600
1943-11-01,6.300
1943-12-01,3.500
1944-01-01,5.800
1944-02-01,3.600
1944-03-01,5.200
1944-04-01,10.200
1944-05-01,11.400
1944-06-01,13.500
1944-07-01,16.500
1944-08-01,17.000
1944-09-01,12.500
1944-10-01,9.300
1944-11-01,6.200
1944-12-01,3.600
1945-01-01,0.400
1945-02-01,7.100
1945-03-01,7.900
1945-04-01,10.100
1945-05-01,12.200
1945-06-01,14.600
1945-07-01,16.700
1945-08-01,15.900
1945-09-01,14.400
1945-10-01,11.900
1945-11-01,7.200
1945-12-01,4.900
1946-01-01,2.700
1946-02-01,5.900
1946-03-01,5.100
1946-04-01,9.900
1946-05-01,10.700
1946-06-01,13.100
1946-07-01,16.300
1946-08-01,14.700
1946-09-01,14.000
1946-10-01,9.800
1946-11-01,8.100
1946-12-01,3.100
1947-01-01,2.200
1947-02-01,-1.900
1947-03-01,3.600
1947-04-01,8.600
1947-05-01,13.500
1947-06-01,15.500
1947-07-01,17.000
1947-08-01,18.600
1947-09-01,14.900
1947-10-01,10.600
1947-11-01,7.200
1947-12-01,5.100
1948-01-01,5.400
1948-02-01,4.700
1948-03-01,8.300
1948-04-01,9.000
1948-05-01,11.400
1948-06-01,13.500
1948-07-01,15.800
1948-08-01,15.100
1948-09-01,13.800
1948-10-01,10.100
1948-11-01,7.300
1948-12-01,5.700
1949-01-01,5.500
1949-02-01,5.700
1949-03-01,5.100
1949-04-01,10.000
1949-05-01,11.200
1949-06-01,15.300
1949-07-01,17.400
1949-08-01,16.800
1949-09-01,16.300
1949-10-01,11.700
1949-11-01,6.600
1949-12-01,5.800
1950-01-01,4.200
1950-02-01,5.300
1950-03-01,7.400
1950-04-01,7.600
1950-05-01,11.300
1950-06-01,16.200
1950-07-01,15.900
1950-08-01,15.600
1950-09-01,12.900
1950-10-01,9.600
1950-11-01,5.700
1950-12-01,1.200
1951-01-01,3.900
1951-02-01,3.700
1951-03-01,4.100
1951-04-01,6.800
1951-05-01,10.100
1951-06-01,14.000
1951-07-01,16.300
1951-08-01,14.800
1951-09-01,14.100
1951-10-01,9.400
1951-11-01,8.500
1951-12-01,5.500
1952-01-01,2.700
1952-02-01,3.400
1952-03-01,6.600
1952-04-01,9.600
1952-05-01,13.400
1952-06-01,14.400
1952-07-01,16.800
1952-08-01,15.800
1952-09-01,10.700
1952-10-01,8.800
1952-11-01,4.100
1952-12-01,2.800
1953-01-01,3.300
1953-02-01,4.300
1953-03-01,5.600
1953-04-01,7.300
1953-05-01,12.600
1953-06-01,14.400
1953-07-01,15.500
1953-08-01,16.200
1953-09-01,13.800
1953-10-01,9.700
1953-11-01,8.500
1953-12-01,6.900
1954-01-01,2.900
1954-02-01,2.600
1954-03-01,5.800
1954-04-01,7.600
1954-05-01,11.200
1954-06-01,13.400
1954-07-01,14.200
1954-08-01,14.600
1954-09-01,12.700
1954-10-01,11.900
1954-11-01,6.900
1954-12-01,6.800
1955-01-01,2.600
1955-02-01,1.200
1955-03-01,3.200
1955-04-01,9.300
1955-05-01,9.700
1955-06-01,13.800
1955-07-01,17.700
1955-08-01,18.100
1955-09-01,14.200
1955-10-01,9.200
1955-11-01,7.000
1955-12-01,5.400
1956-01-01,3.600
1956-02-01,-0.200
1956-03-01,6.200
1956-04-01,6.900
1956-05-01,11.700
1956-06-01,13.100
1956-07-01,15.800
1956-08-01,13.500
1956-09-01,14.300
1956-10-01,9.400
1956-11-01,6.000
1956-12-01,5.700
1957-01-01,5.500
1957-02-01,5.300
1957-03-01,9.200
1957-04-01,8.900
1957-05-01,10.300
1957-06-01,15.200
1957-07-01,16.300
1957-08-01,15.400
1957-09-01,12.500
1957-10-01,10.800
1957-11-01,6.400
1957-12-01,4.500
1958-01-01,3.400
1958-02-01,4.700
1958-03-01,3.700
1958-04-01,7.400
1958-05-01,11.100
1958-06-01,14.100
1958-07-01,15.900
1958-08-01,15.800
1958-09-01,15.100
1958-10-01,10.800
1958-11-01,6.400
1958-12-01,4.700
1959-01-01,1.600
1959-02-01,4.400
1959-03-01,7.300
1959-04-01,9.400
1959-05-01,12.800
1959-06-01,15.200
1959-07-01,17.300
1959-08-01,17.200
1959-09-01,14.900
1959-10-01,12.600
1959-11-01,7.100
1959-12-01,6.000
1960-01-01,3.800
1960-02-01,4.100
1960-03-01,6.400
1960-04-01,8.900
1960-05-01,12.800
1960-06-01,16.100
1960-07-01,15.100
1960-08-01,15.000
1960-09-01,13.100
1960-10-01,10.300
1960-11-01,7.300
1960-12-01,3.900
1961-01-01,3.900
1961-02-01,6.900
1961-03-01,8.200
1961-04-01,10.000
1961-05-01,11.000
1961-06-01,14.400
1961-07-01,15.200
1961-08-01,15.400
1961-09-01,15.200
1961-10-01,10.900
1961-11-01,6.000
1961-12-01,2.200
1962-01-01,4.300
1962-02-01,4.400
1962-03-01,2.800
1962-04-01,7.700
1962-05-01,10.300
1962-06-01,13.700
1962-07-01,15.100
1962-08-01,14.500
1962-09-01,12.600
1962-10-01,10.400
1962-11-01,5.500
1962-12-01,1.800
1963-01-01,-2.100
1963-02-01,-0.700
1963-03-01,6.000
1963-04-01,8.700
1963-05-01,10.600
1963-06-01,14.900
1963-07-01,15.200
1963-08-01,14.300
1963-09-01,12.900
1963-10-01,11.100
1963-11-01,8.200
1963-12-01,2.600
1964-01-01,3.400
1964-02-01,4.500
1964-03-01,4.300
1964-04-01,8.700
1964-05-01,13.300
1964-06-01,13.800
1964-07-01,16.100
1964-08-01,15.500
1964-09-01,14.100
1964-10-01,8.900
1964-11-01,7.400
1964-12-01,3.600
1965-01-01,3.300
1965-02-01,3.100
1965-03-01,5.200
1965-04-01,8.000
1965-05-01,11.700
1965-06-01,14.700
1965-07-01,14.000
1965-08-01,14.900
1965-09-01,12.300
1965-10-01,11.000
1965-11-01,4.500
1965-12-01,4.700
1966-01-01,2.900
1966-02-01,5.700
1966-03-01,6.500
1966-04-01,7.200
1966-05-01,11.000
1966-06-01,15.400
1966-07-01,15.000
1966-08-01,14.700
1966-09-01,13.800
1966-10-01,10.100
1966-11-01,5.600
1966-12-01,5.500
1967-01-01,4.500
1967-02-01,5.400
1967-03-01,7.000
1967-04-01,7.700
1967-05-01,10.400
1967-06-01,14.000
1967-07-01,16.700
1967-08-01,15.700
1967-09-01,13.500
1967-10-01,10.800
1967-11-01,5.400
1967-12-01,4.200
1968-01-01,4.400
1968-02-01,1.900
1968-03-01,6.300
1968-04-01,8.100
1968-05-01,9.800
1968-06-01,14.800
1968-07-01,15.000
1968-08-01,15.400
1968-09-01,13.900
1968-10-01,12.500
1968-11-01,6.500
1968-12-01,3.000
1969-01-01,5.500
1969-02-01,1.000
1969-03-01,3.300
1969-04-01,7.400
1969-05-01,11.200
1969-06-01,13.900
1969-07-01,16.800
1969-08-01,16.400
1969-09-01,13.900
1969-10-01,13.000
1969-11-01,5.400
1969-12-01,3.300
1970-01-01,4.000
1970-02-01,3.200
1970-03-01,4.000
1970-04-01,6.800
1970-05-01,12.700
1970-06-01,16.100
1970-07-01,15.400
1970-08-01,16.100
1970-09-01,14.500
1970-10-01,10.900
1970-11-01,7.900
1970-12-01,4.500
1971-01-01,4.700
1971-02-01,5.000
1971-03-01,5.400
1971-04-01,7.800
1971-05-01,11.500
1971-06-01,12.500
1971-07-01,16.900
1971-08-01,15.600
1971-09-01,14.300
1971-10-01,11.600
1971-11-01,6.400
1971-12-01,7.100
1972-01-01,4.200
1972-02-01,4.600
1972-03-01,6.500
1972-04-01,8.600
1972-05-01,10.600
1972-06-01,11.900
1972-07-01,15.500
1972-08-01,15.200
1972-09-01,11.900
1972-10-01,10.700
1972-11-01,6.400
1972-12-01,5.800
1973-01-01,4.700
1973-02-01,4.700
1973-03-01,6.500
1973-04-01,7.200
1973-05-01,11.300
1973-06-01,14.900
1973-07-01,15.700
1973-08-01,16.500
1973-09-01,14.300
1973-10-01,9.400
1973-11-01,6.200
1973-12-01,5.100
1974-01-01,6.100
1974-02-01,5.800
1974-03-01,5.800
1974-04-01,8.000
1974-05-01,10.900
1974-06-01,13.700
1974-07-01,15.100
1974-08-01,15.200
1974-09-01,12.100
1974-10-01,7.900
1974-11-01,6.700
1974-12-01,8.000
1975-01-01,6.700
1975-02-01,4.700
1975-03-01,5.000
1975-04-01,8.300
1975-05-01,9.700
1975-06-01,14.500
1975-07-01,17.200
1975-08-01,18.200
1975-09-01,13.400
1975-10-01,10.200
1975-11-01,6.300
1975-12-01,5.300
1976-01-01,5.900
1976-02-01,4.800
1976-03-01,5.000
1976-04-01,8.000
1976-05-01,11.800
1976-06-01,16.700
1976-07-01,18.300
1976-08-01,17.300
1976-09-01,13.400
1976-10-01,10.700
1976-11-01,6.200
1976-12-01,2.200
1977-01-01,3.000
1977-02-01,5.100
1977-03-01,7.000
1977-04-01,7.300
1977-05-01,10.400
1977-06-01,12.400
1977-07-01,15.900
1977-08-01,15.300
1977-09-01,13.100
1977-10-01,11.700
1977-11-01,6.400
1977-12-01,6.200
1978-01-01,3.400
1978-02-01,3.600
1978-03-01,6.800
1978-04-01,6.400
1978-05-01,11.300
1978-06-01,13.600
1978-07-01,14.700
1978-08-01,14.900
1978-09-01,14.000
1978-10-01,11.900
1978-11-01,8.600
1978-12-01,4.300
1979-01-01,0.500
1979-02-01,1.400
1979-03-01,4.800
1979-04-01,7.600
1979-05-01,9.700
1979-06-01,14.100
1979-07-01,16.200
1979-08-01,14.900
1979-09-01,13.200
1979-10-01,11.200
1979-11-01,7.000
1979-12-01,5.500
1980-01-01,2.400
1980-02-01,6.000
1980-03-01,4.900
1980-04-01,8.700
1980-05-01,11.000
1980-06-01,13.800
1980-07-01,14.500
1980-08-01,15.700
1980-09-01,14.600
1980-10-01,9.000
1980-11-01,6.600
1980-12-01,5.800
1981-01-01,4.800
1981-02-01,3.300
1981-03-01,6.600
1981-04-01,7.800
1981-05-01,10.500
1981-06-01,13.300
1981-07-01,15.600
1981-08-01,16.200
1981-09-01,14.600
1981-10-01,7.600
1981-11-01,7.700
1981-12-01,0.800
1982-01-01,2.800
1982-02-01,4.800
1982-03-01,5.800
1982-04-01,8.200
1982-05-01,11.100
1982-06-01,11.200
1982-07-01,16.200
1982-08-01,15.400
1982-09-01,13.800
1982-10-01,9.800
1982-11-01,7.400
1982-12-01,4.100
1983-01-01,6.200
1983-02-01,1.900
1983-03-01,6.100
1983-04-01,6.300
1983-05-01,9.600
1983-06-01,13.600
1983-07-01,18.400
1983-08-01,16.800
1983-09-01,13.200
1983-10-01,10.000
1983-11-01,7.300
1983-12-01,5.500
1984-01-01,3.300
1984-02-01,3.500
1984-03-01,4.500
1984-04-01,7.700
1984-05-01,9.500
1984-06-01,13.900
1984-07-01,16.200
1984-08-01,17.000
1984-09-01,13.200
1984-10-01,10.700
1984-11-01,7.700
1984-12-01,5.000
1985-01-01,1.000
1985-02-01,2.500
1985-03-01,4.400
1985-04-01,8.000
1985-05-01,10.400
1985-06-01,12.200
1985-07-01,15.600
1985-08-01,14.200
1985-09-01,14.100
1985-10-01,10.700
1985-11-01,4.000
1985-12-01,6.100
1986-01-01,3.200
1986-02-01,-0.500
1986-03-01,4.900
1986-04-01,5.400
1986-05-01,10.600
1986-06-01,14.100
1986-07-01,15.400
1986-08-01,13.200
1986-09-01,11.000
1986-10-01,10.600
1986-11-01,7.300
1986-12-01,5.800
1987-01-01,1.100
1987-02-01,3.700
1987-03-01,4.100
1987-04-01,9.400
1987-05-01,9.700
1987-06-01,12.200
1987-07-01,15.500
1987-08-01,15.200
1987-09-01,13.300
1987-10-01,9.300
1987-11-01,6.400
1987-12-01,4.700
1988-01-01,4.900
1988-02-01,4.500
1988-03-01,5.800
1988-04-01,7.800
1988-05-01,11.200
1988-06-01,14.000
1988-07-01,14.400
1988-08-01,14.900
1988-09-01,13.200
1988-10-01,9.400
1988-11-01,5.300
1988-12-01,7.100
1989-01-01,6.100
1989-02-01,5.800
1989-03-01,7.000
1989-04-01,6.100
1989-05-01,12.500
1989-06-01,14.000
1989-07-01,17.400
1989-08-01,16.100
1989-09-01,14.100
1989-10-01,11.500
1989-11-01,6.400
1989-12-01,4.500
1990-01-01,6.300
1990-02-01,7.000
1990-03-01,8.000
1990-04-01,7.700
1990-05-01,12.100
1990-06-01,13.300
1990-07-01,16.300
1990-08-01,17.600
1990-09-01,13.100
1990-10-01,12.000
1990-11-01,7.200
1990-12-01,5.100
1991-01-01,3.700
1991-02-01,2.400
1991-03-01,7.800
1991-04-01,8.000
1991-05-01,11.000
1991-06-01,12.200
1991-07-01,17.100
1991-08-01,17.000
1991-09-01,14.700
1991-10-01,10.300
1991-11-01,7.000
1991-12-01,5.000
1992-01-01,4.000
1992-02-01,5.900
1992-03-01,7.400
1992-04-01,8.600
1992-05-01,13.100
1992-06-01,15.500
1992-07-01,16.100
1992-08-01,15.300
1992-09-01,13.200
1992-10-01,7.800
1992-11-01,7.500
1992-12-01,4.100
1993-01-01,6.000
1993-02-01,5.400
1993-03-01,6.600
1993-04-01,9.300
1993-05-01,11.200
1993-06-01,14.400
1993-07-01,15.100
1993-08-01,14.400
1993-09-01,12.500
1993-10-01,8.500
1993-11-01,5.000
1993-12-01,5.300
1994-01-01,5.200
1994-02-01,3.500
1994-03-01,7.600
1994-04-01,8.100
1994-05-01,10.400
1994-06-01,14.300
1994-07-01,17.600
1994-08-01,15.900
1994-09-01,12.700
1994-10-01,10.200
1994-11-01,10.100
1994-12-01,6.400
1995-01-01,4.900
1995-02-01,6.700
1995-03-01,5.600
1995-04-01,8.900
1995-05-01,11.600
1995-06-01,14.000
1995-07-01,18.400
1995-08-01,18.900
1995-09-01,13.800
1995-10-01,13.200
1995-11-01,8.100
1995-12-01,2.800
1996-01-01,4.800
1996-02-01,3.100
1996-03-01,4.600
1996-04-01,8.700
1996-05-01,9.300
1996-06-01,14.400
1996-07-01,16.400
1996-08-01,16.662
1996-09-01,13.682
1996-10-01,11.830
1996-11-01,6.157
1996-12-01,3.490
1997-01-01,2.900
1997-02-01,6.883
1997-03-01,8.370
1997-04-01,9.103
1997-05-01,11.535
1997-06-01,13.961
1997-07-01,16.935
1997-08-01,18.602
1997-09-01,14.457
1997-10-01,10.458
1997-11-01,8.930
1997-12-01,6.143
1998-01-01,5.468
1998-02-01,7.750
1998-03-01,8.034
1998-04-01,7.840
1998-05-01,12.896
1998-06-01,14.134
1998-07-01,15.478
1998-08-01,15.944
1998-09-01,14.796
1998-10-01,10.603
1998-11-01,7.251
1998-12-01,5.882
1999-01-01,5.805
1999-02-01,5.558
1999-03-01,7.418
1999-04-01,9.419
1999-05-01,12.792
1999-06-01,13.712
1999-07-01,17.482
1999-08-01,16.299
1999-09-01,15.733
1999-10-01,10.967
1999-11-01,8.077
1999-12-01,4.990
2000-01-01,5.500
2000-02-01,6.447
2000-03-01,7.542
2000-04-01,7.901
2000-05-01,12.056
2000-06-01,14.665
2000-07-01,15.200
2000-08-01,16.740
2000-09-01,15.900
2000-10-01,10.545
2000-11-01,7.140
2000-12-01,5.813
2001-01-01,3.900
2001-02-01,4.800
2001-03-01,5.452
2001-04-01,7.807
2001-05-01,12.439
2001-06-01,13.984
2001-07-01,16.704
2001-08-01,16.737
2001-09-01,14.051
2001-10-01,13.556
2001-11-01,7.922
2001-12-01,4.105
2002-01-01,6.094
2002-02-01,7.243
2002-03-01,7.627
2002-04-01,9.359
2002-05-01,11.922
2002-06-01,14.316
2002-07-01,15.892
2002-08-01,16.970
2002-09-01,14.492
2002-10-01,10.278
2002-11-01,8.794
2002-12-01,5.958
2003-01-01,4.862
2003-02-01,4.455
2003-03-01,7.819
2003-04-01,9.898
2003-05-01,12.085
2003-06-01,15.931
2003-07-01,17.487
2003-08-01,18.013
2003-09-01,14.342
2003-10-01,9.000
2003-11-01,8.360
2003-12-01,5.032
2004-01-01,5.487
2004-02-01,5.597
2004-03-01,6.643
2004-04-01,9.551
2004-05-01,12.103
2004-06-01,15.308
2004-07-01,15.700
2004-08-01,17.388
2004-09-01,14.772
2004-10-01,10.581
2004-11-01,8.022
2004-12-01,5.737
2005-01-01,6.361
2005-02-01,4.519
2005-03-01,7.244
2005-04-01,8.834
2005-05-01,11.213
2005-06-01,15.352
2005-07-01,16.609
2005-08-01,16.088
2005-09-01,15.028
2005-10-01,13.022
2005-11-01,6.439
2005-12-01,4.821
2006-01-01,4.521
2006-02-01,4.168
2006-03-01,4.959
2006-04-01,8.493
2006-05-01,11.832
2006-06-01,15.751
2006-07-01,19.261
2006-08-01,16.178
2006-09-01,16.399
2006-10-01,12.778
2006-11-01,8.078
2006-12-01,6.386
2007-01-01,6.917
2007-02-01,6.049
2007-03-01,7.120
2007-04-01,11.167
2007-05-01,11.874
2007-06-01,14.937
2007-07-01,15.249
2007-08-01,15.545
2007-09-01,13.850
2007-10-01,10.997
2007-11-01,7.538
2007-12-01,4.997
2008-01-01,6.373
2008-02-01,5.364
2008-03-01,6.096
2008-04-01,7.945
2008-05-01,13.037
2008-06-01,14.028
2008-07-01,16.259
2008-08-01,16.218
2008-09-01,13.537
2008-10-01,9.753
2008-11-01,6.978
2008-12-01,3.720
2009-01-01,3.299
2009-02-01,4.356
2009-03-01,6.929
2009-04-01,9.706
2009-05-01,11.943
2009-06-01,14.766
2009-07-01,16.171
2009-08-01,16.556
2009-09-01,14.185
2009-10-01,11.483
2009-11-01,8.422
2009-12-01,3.085
2010-01-01,1.495
2010-02-01,2.750
2010-03-01,6.098
2010-04-01,8.877
2010-05-01,10.791
2010-06-01,15.278
2010-07-01,17.015
2010-08-01,15.349
2010-09-01,13.958
2010-10-01,10.398
2010-11-01,5.379
2010-12-01,-0.270
2011-01-01,3.856
2011-02-01,6.347
2011-03-01,6.761
2011-04-01,11.666
2011-05-01,12.255
2011-06-01,14.019
2011-07-01,15.313
2011-08-01,15.435
2011-09-01,15.103
2011-10-01,12.381
2011-11-01,9.532
2011-12-01,5.921
2012-01-01,5.469
2012-02-01,4.389
2012-03-01,8.454
2012-04-01,7.339
2012-05-01,11.592
2012-06-01,13.588
2012-07-01,15.389
2012-08-01,16.631
2012-09-01,13.181
2012-10-01,9.512
2012-11-01,6.651
2012-12-01,4.835
2013-01-01,3.926
2013-02-01,3.381
2013-03-01,2.953
2013-04-01,7.410
2013-05-01,10.552
2013-06-01,13.947
2013-07-01,18.235
2013-08-01,16.916
2013-09-01,13.899
2013-10-01,12.472
2013-11-01,6.370
2013-12-01,6.396
2014-01-01,5.649
2014-02-01,6.271
2014-03-01,7.560
2014-04-01,10.111
2014-05-01,12.259
2014-06-01,15.220
2014-07-01,17.596
2014-08-01,15.227
2014-09-01,14.896
2014-10-01,12.318
2014-11-01,8.413
2014-12-01,5.487
2015-01-01,4.777
2015-02-01,4.290
2015-03-01,6.331
2015-04-01,9.086
2015-05-01,10.864
2015-06-01,14.007
2015-07-01,15.721
2015-08-01,15.923
2015-09-01,12.747
2015-10-01,10.881
2015-11-01,9.493
2015-12-01,9.508
2016-01-01,5.682
2016-02-01,5.075
2016-03-01,6.106
2016-04-01,7.504
2016-05-01,12.165
2016-06-01,14.861
2016-07-01,16.704
2016-08-01,16.861
2016-09-01,15.788
2016-10-01,10.879
2016-11-01,5.844
2016-12-01,6.467
2017-01-01,4.328
2017-02-01,6.221
2017-03-01,8.488
2017-04-01,9.017
2017-05-01,13.007
2017-06-01,15.909
2017-07-01,16.465
2017-08-01,15.639
2017-09-01,13.508
2017-10-01,12.337
2017-11-01,6.995
2017-12-01,5.051
2018-01-01,5.251
2018-02-01,3.087
2018-03-01,4.891
2018-04-01,9.544
2018-05-01,12.939
2018-06-01,15.945
2018-07-01,18.701
2018-08-01,16.741
2018-09-01,13.797
2018-10-01,10.708
2018-11-01,8.233
2018-12-01,6.814
2019-01-01,4.236
2019-02-01,6.885
2019-03-01,7.919
2019-04-01,9.071
2019-05-01,11.212
2019-06-01,14.349
2019-07-01,17.600
2019-08-01,17.075
2019-09-01,14.288
2019-10-01,10.134
2019-11-01,6.457
2019-12-01,6.043
